{
  "eye_height_ratio": {
    "small": 0.03722381973480253,
    "large": 0.05520079980949005,
    "labels": ["소", "중", "대"]
  },
  "eye_width_ratio": {
    "small": 0.1770407757818994,
    "large": 0.19371748615970075,
    "labels": ["단", "중", "장"]
  },
  "eye_aspect_ratio": {
    "small": 0.2459784062133455,
    "large": 0.33953716575220144,
    "labels": ["세장형", "보통", "둥근형"]
  },
  "eye_tilt_deg": {
    "small": 74.73895191751524,
    "large": 90.00925163341654,
    "labels": ["처진눈", "수평", "올라간눈"]
  },
  "eye_spacing_ratio": {
    "small": 0.25303034882697395,
    "large": 0.27588373295002233,
    "labels": ["좁음", "보통", "넓음"]
  },
  "eye_asymmetry": {
    "small": 25.0,
    "large": 25.0,
    "labels": ["대칭", "비대칭"],
    "binary": true
  },
  "iris_vertical_pos": {
    "small": 0.35,
    "large": 0.65,
    "labels": ["상삼백", "정상", "하삼백"]
  },
  "brow_length_ratio": {
    "small": 0.030570549919556447,
    "large": 0.034129745788240504,
    "labels": ["단", "중", "장"]
  },
  "brow_thickness_ratio": {
    "small": 0.12986777222457263,
    "large": 0.1403805901054375,
    "labels": ["가늘", "보통", "굵은"]
  },
  "brow_tilt_deg": {
    "small": -92.2224719939001,
    "large": -86.07557085339778,
    "labels": ["하강형", "수평", "상승형"]
  },
  "brow_curvature": {
    "small": 2.260991051921042,
    "large": 2.9058859827863275,
    "labels": ["직선", "완만", "아치형"]
  },
  "brow_gap_ratio": {
    "small": 0.8179928552393207,
    "large": 0.8543377377682828,
    "labels": ["좁음", "보통", "넓음"]
  },
  "brow_eye_gap": {
    "small": 0.11567575907754858,
    "large": 0.1545340595049548,
    "labels": ["좁음", "보통", "넓음"]
  },
  "nose_length_ratio": {
    "small": 0.21197828911507757,
    "large": 0.23561741846674802,
    "labels": ["단", "중", "장"]
  },
  "nose_width_ratio": {
    "small": 0.2798264231113893,
    "large": 0.3060239161016687,
    "labels": ["좁음", "보통", "넓음"]
  },
  "nose_bridge_depth": {
    "small": -33.72988846153021,
    "large": -24.595760274678472,
    "labels": ["낮음", "보통", "높음"]
  },
  "nose_aspect": {
    "small": 0.845568990544394,
    "large": 0.9671228501808271,
    "labels": ["넓적", "균형", "길쭉"]
  },
  "nose_tip_angle": {
    "small": -96.34496399927653,
    "large": -83.51630352605578,
    "labels": ["매부리", "보통", "들창코"]
  },
  "mouth_width_ratio": {
    "small": 0.3944286812999137,
    "large": 0.46369735089563424,
    "labels": ["소", "중", "대"]
  },
  "lip_thickness_ratio": {
    "small": 0.11582854473828774,
    "large": 0.17051704356340242,
    "labels": ["얇음", "보통", "두꺼움"]
  },
  "lip_ratio": {
    "small": 0.8,
    "large": 1.2,
    "labels": ["아랫입술우세", "균형", "윗입술우세"]
  },
  "mouth_corner_angle": {
    "small": 1.4409285547649775,
    "large": 6.158482057823796,
    "labels": ["처진입", "수평", "올라간입"]
  },
  "forehead_height_ratio": {
    "small": 0.15785889445383197,
    "large": 0.18396236557824977,
    "labels": ["좁음", "보통", "넓음"]
  },
  "forehead_width_ratio": {
    "small": 0.9293493037201406,
    "large": 0.9621232535647024,
    "labels": ["좁음", "보통", "넓음"]
  },
  "chin_length_ratio": {
    "small": 0.16958717518198696,
    "large": 0.20574711738490392,
    "labels": ["짧음", "보통", "긴"]
  },
  "jaw_width_ratio": {
    "small": 0.7949239548951007,
    "large": 0.8268765074678452,
    "labels": ["좁음", "보통", "넓음"]
  },
  "chin_angle_deg": {
    "small": 166.33928452184193,
    "large": 169.676398224884,
    "labels": ["뾰족", "보통", "둥근"]
  },
  "face_ratio": {
    "small": 1.13529665708201,
    "large": 1.2261525708126175,
    "labels": ["넓적", "보통", "길쭉"]
  },
  "upper_lower_ratio": {
    "small": 0.9,
    "large": 1.3,
    "labels": ["삼각", "균형", "역삼각"]
  },
  "philtrum_length_ratio": {
    "small": 0.07012215059740261,
    "large": 0.08727570737088133,
    "labels": ["짧음", "보통", "긴"]
  },
  "cheekbone_width_ratio": {
    "small": 0.9856069874207317,
    "large": 0.995640831874872,
    "labels": ["좁음", "보통", "넓음"]
  },
  "cheekbone_protrusion": {
    "small": -0.7663258910179138,
    "large": 3.271836005151272,
    "labels": ["평탄", "보통", "돌출"]
  },
  "cheekbone_position": {
    "small": 0.4404480308760163,
    "large": 0.5081496771460476,
    "labels": ["높음", "보통", "낮음"]
  }
}
